connexe,nb_composantes,taille_max_composante,degre_moyen,densite,nb_noeuds,nb_aretes,temps
False,2,6,4.285714285714286,0.7142857142857143,7,15,0
False,2,2,0.6666666666666666,0.3333333333333333,3,1,270270
